"Gap Type","Target Domain","Competitor Domain","Keyword / URL / Referring Domain","Metric Value","Opportunity Score","Actionable Insight"

"# ============================================================"
"# SECTION 1: DOMAIN METRICS GAP"
"# ============================================================"

"Domain Metrics Gap","transcure.net","aapc.com","Domain Rating (DR)","transcure: 37 vs aapc: 79 | Gap: +42","9","Aggressive link building required. Target high-DR healthcare directories, associations, and guest posting on medical billing publications to close the DR gap."
"Domain Metrics Gap","transcure.net","advancedmd.com","Domain Rating (DR)","transcure: 37 vs advancedmd: 81 | Gap: +44","9","Build authoritative backlinks from healthcare industry sites, .edu/.gov resources, and software review platforms (G2, Capterra) to raise DR toward 50+."
"Domain Metrics Gap","transcure.net","carecloud.com","Domain Rating (DR)","transcure: 37 vs carecloud: 70 | Gap: +33","8","Focus on digital PR and thought leadership content to earn editorial links from healthcare media. Target DR 50 as a 12-month milestone."
"Domain Metrics Gap","transcure.net","bellmedex.com","Domain Rating (DR)","transcure: 37 vs bellmedex: 50 | Gap: +13","7","Closest competitor by DR. Close the gap by building 300+ additional referring domains via directory listings, partner pages, and content outreach."
"Domain Metrics Gap","transcure.net","adsc.com","Domain Rating (DR)","transcure: 37 vs adsc: 50 | Gap: +13","7","Target the same niche directories and RCM-focused publications that adsc.com uses. Aim for parity within 6 months."
"Domain Metrics Gap","transcure.net","aapc.com","Referring Domains","transcure: 358 vs aapc: 11,379 | Gap: 11,021","9","Scale link acquisition program significantly. Pursue healthcare coding associations, billing forums, CMS-related publications, and EHR vendor partner pages."
"Domain Metrics Gap","transcure.net","advancedmd.com","Referring Domains","transcure: 358 vs advancedmd: 4,639 | Gap: 4,281","8","Systematically pursue medical software review sites, hospital management blogs, and practice management publications for link placement."
"Domain Metrics Gap","transcure.net","carecloud.com","Referring Domains","transcure: 358 vs carecloud: 2,469 | Gap: 2,111","8","Build out referral sources in EHR, RCM, and ICD-10 code resource spaces. Guest blogging and digital PR are quickest paths."
"Domain Metrics Gap","transcure.net","bellmedex.com","Referring Domains","transcure: 358 vs bellmedex: 666 | Gap: 308","7","Most achievable gap. Focus on medical billing niche directories and healthcare publication outreach to add 300+ referring domains."
"Domain Metrics Gap","transcure.net","aapc.com","Organic Keywords","transcure: 826 vs aapc: 204,365 | Gap: 203,539","9","Massively expand content library. Create specialty billing guides, ICD-10 code pages, CPT code references, and RCM explainers to grow keyword footprint."
"Domain Metrics Gap","transcure.net","carecloud.com","Organic Keywords","transcure: 826 vs carecloud: 11,704 | Gap: 10,878","9","Build an ICD-10 code lookup section and specialty billing resource hub. Each code page can independently rank for multiple diagnosis code queries."
"Domain Metrics Gap","transcure.net","bellmedex.com","Organic Keywords","transcure: 826 vs bellmedex: 4,115 | Gap: 3,289","8","Create informational content pages (billing guides, code explainers, FAQ posts) targeting long-tail keywords competitors rank for."
"Domain Metrics Gap","transcure.net","advancedmd.com","Organic Traffic","transcure: 4,128 vs advancedmd: 188,146 | Gap: 184,018","9","Traffic gap driven by product brand searches at advancedmd. Focus on clinical RCM and billing service keywords where transcure can realistically compete."
"Domain Metrics Gap","transcure.net","carecloud.com","Organic Traffic","transcure: 4,128 vs carecloud: 78,507 | Gap: 74,379","9","Carecloud drives most traffic via ICD-10 code pages. Building a similar ICD-10 code database can drive 20,000–50,000+ monthly visits to transcure.net."
"Domain Metrics Gap","transcure.net","bellmedex.com","Organic Traffic","transcure: 4,128 vs bellmedex: 22,915 | Gap: 18,787","8","Bellmedex generates traffic via medical billing explainer content. Replicate this approach with 30–50 educational blog posts on billing processes and codes."

"# ============================================================"
"# SECTION 2: KEYWORD GAPS"
"# ============================================================"

"Keyword Gap","transcure.net","bellmedex.com","medical billing services","volume: 3100 | competitor pos: 2 | KD: 46 | CPC: $45","9","Core commercial keyword. Optimize homepage and create a dedicated /medical-billing-services landing page with strong E-E-A-T signals, client proof, and service detail."
"Keyword Gap","transcure.net","bellmedex.com","medical billing companies","volume: 2300 | competitor pos: 1 | KD: 0 | CPC: $69","9","Zero KD, high volume. Create a 'medical billing companies comparison' page or optimize the about/homepage targeting this term with entity-rich content."
"Keyword Gap","transcure.net","bellmedex.com","medical billing services for small practices","volume: 2100 | competitor pos: 1 | KD: 3 | CPC: $52","9","Near-zero KD with high commercial intent. Create a dedicated landing page /medical-billing-for-small-practices with pricing signals, testimonials, and specialty coverage."
"Keyword Gap","transcure.net","bellmedex.com","medical billing company","volume: 4800 | competitor pos: 1 | KD: 56 | CPC: $69","8","Highest volume commercial term. Build domain authority first, then target with a comprehensive homepage optimization + service page strategy."
"Keyword Gap","transcure.net","bellmedex.com","urology billing services","volume: 700 | competitor pos: 2 | KD: 2 | CPC: $1141","8","Extremely low KD, high CPC (high buyer intent). Create a dedicated /urology-billing-services page. Transcure ranks for 'podiatry billing' — replicate that approach for urology."
"Keyword Gap","transcure.net","bellmedex.com","urology medical billing","volume: 350 | competitor pos: 1 | KD: 0 | CPC: $751","8","Zero KD, transactional. Add as a target keyword on the urology billing services page above. Quick ranking opportunity."
"Keyword Gap","transcure.net","bellmedex.com","pos 11 in medical billing","volume: 2800 | competitor pos: 6 | KD: 0 | CPC: $84","7","High-volume informational query with zero difficulty. Write an explainer article: 'What is Place of Service 11 (POS 11) in Medical Billing?' — quick traffic win."
"Keyword Gap","transcure.net","bellmedex.com","medical billing service companies","volume: 600 | competitor pos: 2 | KD: 39 | CPC: $69","7","Target alongside 'medical billing services' in a cluster. This variant likely serves list/comparison intent — create a guide or optimized landing page."
"Keyword Gap","transcure.net","bellmedex.com","what is a clean claim in medical billing","volume: 250 | competitor pos: 1 | KD: 0 | CPC: N/A","6","Zero KD informational term. Write a detailed explainer post targeting this + related terms like 'clean claim definition' and 'clean claim requirements'."
"Keyword Gap","transcure.net","bellmedex.com","era in medical billing","volume: 250 | competitor pos: 1 | KD: 0 | CPC: $293","6","Zero KD. Write 'What is ERA (Electronic Remittance Advice) in Medical Billing?' — target ERA + EOB + EFT in a single comprehensive content piece."
"Keyword Gap","transcure.net","bellmedex.com","revenue code 636","volume: 300 | competitor pos: 1 | KD: 0 | CPC: $2262","6","Zero KD, very high CPC indicates strong buyer intent. Create revenue code explainer pages (0636, 0360, 0510 as a series) to capture this traffic efficiently."
"Keyword Gap","transcure.net","bellmedex.com","funny icd 10 codes","volume: 450 | competitor pos: 2 | KD: 0 | CPC: N/A","5","Viral/informational content with zero KD. Create an entertaining 'Funniest ICD-10 Codes' list article to attract backlinks and shares — excellent for brand awareness."
"Keyword Gap","transcure.net","carecloud.com","anxiety icd 10","volume: 15000 | competitor pos: 1 | KD: 4 | CPC: $8","9","Massive volume, near-zero KD. Build an ICD-10 code lookup section on transcure.net. Start with top 50 high-volume codes like anxiety, COPD, and hypothyroidism — potential for 10,000+ monthly visits."
"Keyword Gap","transcure.net","carecloud.com","hypothyroidism icd 10","volume: 16000 | competitor pos: 4 | KD: 0 | CPC: $9","9","Highest volume keyword in this gap set with zero KD. A dedicated ICD-10 code page for E03.9 targeting 'hypothyroidism icd 10' would rank quickly and drive significant traffic."
"Keyword Gap","transcure.net","carecloud.com","right shoulder pain icd 10","volume: 10000 | competitor pos: 1 | KD: 0 | CPC: $6","8","Zero KD, high volume. Include in an ICD-10 code database section. Page format: code, description, clinical notes, billing tips — adds E-E-A-T for a billing company."
"Keyword Gap","transcure.net","carecloud.com","icd 10 code for copd","volume: 5000 | competitor pos: 1 | KD: 0 | CPC: $298","8","Zero KD, high volume. COPD (J44.9) is one of the most billed diagnosis codes — strong topical authority signal. Create a dedicated code page with billing guidance."
"Keyword Gap","transcure.net","carecloud.com","osa icd 10","volume: 4600 | competitor pos: 1 | KD: 0 | CPC: $16","8","Zero KD. Sleep apnea (G47.33) ICD-10 page is a quick win. Include within a broader ICD-10 code hub targeting common diagnosis codes."
"Keyword Gap","transcure.net","carecloud.com","cloud based ehr software","volume: 1200 | competitor pos: 4 | KD: 20 | CPC: $76","6","Moderate KD. Relevant if transcure offers EHR integrations. Create a comparison/guide page on cloud-based EHR software to capture this adjacent audience."
"Keyword Gap","transcure.net","adsc.com","revenue cycle management companies","volume: 1200 | competitor pos: 8 | KD: 41 | CPC: $324","8","Moderate KD but strong commercial intent. Create a comprehensive RCM landing page and optimize for 'revenue cycle management companies' as a primary keyword."
"Keyword Gap","transcure.net","adsc.com","outsource medical billing services","volume: 700 | competitor pos: 6 | KD: 18 | CPC: $1038","8","Low KD, very high CPC (strong buyer intent). Create a dedicated /outsource-medical-billing page targeting this exact phrase with a lead generation focus."
"Keyword Gap","transcure.net","adsc.com","healthcare revenue cycle management services","volume: 800 | competitor pos: 3 | KD: 21 | CPC: $600","8","Low KD, high CPC. Add as a secondary target on the RCM landing page. Differentiates transcure from pure billing companies by positioning as a full RCM solution."
"Keyword Gap","transcure.net","adsc.com","behavioral health revenue cycle management","volume: 900 | competitor pos: 1 | KD: 0 | CPC: $814","8","Zero KD, very high CPC ($814) signals extremely high buyer intent. Create a dedicated /behavioral-health-billing page — a niche with growing demand and low competition."
"Keyword Gap","transcure.net","adsc.com","rcm medical billing","volume: 400 | competitor pos: 1 | KD: 8 | CPC: $511","7","Low KD, high CPC. Use as a supporting keyword on the RCM services page. Targets buyers who use 'RCM' and 'medical billing' interchangeably."
"Keyword Gap","transcure.net","adsc.com","pain management billing services","volume: 350 | competitor pos: 1 | KD: 0 | CPC: $1200","7","Zero KD, highest CPC in this dataset ($1200). Create a /pain-management-billing-services page. Transcure already ranks for pain-adjacent terms — this is a natural expansion."
"Keyword Gap","transcure.net","adsc.com","ophthalmology billing services","volume: 350 | competitor pos: 1 | KD: 3 | CPC: $1128","7","Near-zero KD, very high CPC. Create a dedicated /ophthalmology-billing-services specialty page. Part of a specialty billing hub strategy."
"Keyword Gap","transcure.net","adsc.com","podiatry billing services","volume: 500 | competitor pos: 1 | KD: 0 | CPC: $1305","7","Zero KD. Transcure already ranks for 'podiatry billing' (pos 2) — optimize that page to also capture 'podiatry billing services' and 'podiatry billing company'."
"Keyword Gap","transcure.net","adsc.com","medical billing vs revenue cycle management","volume: 300 | competitor pos: 1 | KD: 1 | CPC: $86","6","Near-zero KD, comparison intent. Write a detailed 'Medical Billing vs. Revenue Cycle Management' guide — establishes expertise and targets buyers in the consideration stage."
"Keyword Gap","transcure.net","adsc.com","neurology billing services","volume: 200 | competitor pos: 1 | KD: 0 | CPC: $109","6","Zero KD. Create a /neurology-billing-services page as part of a specialty billing hub. Transcure ranks for neurosurgery — neurology is a natural complement."
"Keyword Gap","transcure.net","advancedmd.com","medical coding software","volume: 1600 | competitor pos: 1 | KD: 29 | CPC: $600","6","Moderate KD. Relevant if transcure uses or recommends coding software. Create a guide or comparison page to capture this research-intent audience and convert to billing service leads."

"# ============================================================"
"# SECTION 3: CONTENT GAPS"
"# ============================================================"

"Content Gap","transcure.net","carecloud.com","https://carecloud.com/icd-10-codes/ (full hub)","competitor traffic: 40,000+/mo | top page: 3,870 traffic | top keyword: anxiety icd 10 (vol 15,000)","9","Create a /icd-10-codes/ hub on transcure.net with individual pages for the top 100 diagnosis codes. This single content initiative could generate 15,000–40,000 monthly visits and establishes clinical authority for a billing company."
"Content Gap","transcure.net","bellmedex.com","https://bellmedex.com/ (homepage)","competitor traffic: 4,810/mo | top keyword: medical billing services (vol 3,100)","9","Bellmedex homepage outranks transcure for core commercial terms. Restructure transcure homepage to clearly target 'medical billing services' and 'medical billing companies' with stronger on-page optimization and trust signals."
"Content Gap","transcure.net","adsc.com","https://www.adsc.com/revenue-cycle-management","competitor traffic: 613/mo | top keyword: revenue cycle management companies (vol 1,200) | KD: 41","9","Transcure has no dedicated RCM landing page. Create a comprehensive /revenue-cycle-management page targeting RCM companies, outsourced RCM, and healthcare RCM services keywords as a content cluster hub."
"Content Gap","transcure.net","bellmedex.com","https://bellmedex.com/what-is-point-of-care-cna-in-nursing-homes/","competitor traffic: 1,666/mo | top keyword: point of care cna (vol 13,000) | KD: 53","7","High-traffic informational article capturing nursing home/LTC billing audience. Write 'What is Point of Care CNA? A Medical Biller's Guide' to capture this audience and introduce transcure's LTC billing services."
"Content Gap","transcure.net","adsc.com","https://www.adsc.com/medical-billing-software","competitor traffic: 557/mo | top keyword: medical billing software solutions (vol 350) | KD: 42","7","Transcure lacks a software comparison/integration page. Create a /medical-billing-software-guide page covering popular platforms (Kareo, AdvancedMD, Athenahealth) transcure integrates with — captures research-stage buyers."
"Content Gap","transcure.net","bellmedex.com","https://bellmedex.com/medical-billing-services-for-small-practices/","competitor traffic: 267/mo | top keyword: medical billing services for small practices (vol 2,100) | KD: 3","9","Near-zero KD, commercial intent page. Create a dedicated /medical-billing-for-small-practices landing page with practice-size-specific messaging, pricing signals, and case studies."
"Content Gap","transcure.net","bellmedex.com","https://bellmedex.com/urology-billing-services/","competitor traffic: 288/mo | top keyword: urology medical billing (vol 350) | KD: 0","8","Transcure has no urology specialty page. Create /urology-billing-services covering urology-specific CPT codes, payer policies, and common denial reasons. Low KD = fast ranking potential."
"Content Gap","transcure.net","adsc.com","https://www.adsc.com/outsourced-medical-billing-services","competitor traffic: 349/mo | top keyword: outsource medical billing services (vol 700) | KD: 18","8","Create a dedicated /outsource-medical-billing-services page highlighting transcure's outsourcing value proposition — cost savings, staff reduction, compliance, and collection rate improvements."
"Content Gap","transcure.net","adsc.com","https://www.adsc.com/blog/medical-billing-services-vs-revenue-cycle-management","competitor traffic: 434/mo | top keyword: medical billing vs revenue cycle management (vol 300) | KD: 1","7","High-performing comparison blog with near-zero KD. Write an in-depth 'Medical Billing vs. Revenue Cycle Management: What's the Difference?' article to capture educational traffic and convert to leads."
"Content Gap","transcure.net","adsc.com","https://www.adsc.com/pain-management","competitor traffic: 155/mo | top keyword: pain management billing services (vol 350) | KD: 0 | CPC: $1200","7","Zero KD, extremely high CPC. Transcure currently lacks a pain management specialty page. Create /pain-management-billing to capture this high-value niche."
"Content Gap","transcure.net","adsc.com","https://www.adsc.com/ophthalmology-billing-services","competitor traffic: 167/mo | top keyword: ophthalmology billing services (vol 350) | KD: 3 | CPC: $1128","7","Near-zero KD, high-value specialty. Create /ophthalmology-billing-services as part of transcure's specialty billing hub — high CPC signals strong buyer intent."
"Content Gap","transcure.net","adsc.com","https://www.adsc.com/blog/behavioral-health-rcm-how-revenue-cycle-management-improves-cash-flow","competitor traffic: 149/mo | top keyword: behavioral health revenue cycle management (vol 900) | KD: 0","8","Zero KD, very high CPC ($814). Behavioral health billing is a rapidly growing niche. Write 'Behavioral Health Revenue Cycle Management: A Complete Guide' and create a /behavioral-health-billing service page."
"Content Gap","transcure.net","bellmedex.com","https://bellmedex.com/pos-11-in-medical-billing/","competitor traffic: 289/mo | top keyword: pos 11 (vol 2,800) | KD: 0","7","High volume, zero KD informational post. Write 'What is POS 11 in Medical Billing? Place of Service Codes Explained' — could include a full POS code reference table to capture additional long-tail traffic."
"Content Gap","transcure.net","adsc.com","https://www.adsc.com/blog/pain-management-coding","competitor traffic: 342/mo | top keyword: pain management cpt codes (vol 150) | KD: 0","6","Practical reference content for pain management billers. Create 'Complete Pain Management CPT Codes Guide' — pairs naturally with a /pain-management-billing service page."
"Content Gap","transcure.net","bellmedex.com","https://bellmedex.com/timely-filing-limit-for-insurance-claims/","competitor traffic: 211/mo | top keyword: timely filing limit (vol 100) | KD: 1","6","Practical billing reference content. Create a comprehensive 'Timely Filing Limits by Payer' resource page — attracts billing staff searching for this info and positions transcure as a knowledgeable partner."
"Content Gap","transcure.net","adsc.com","https://www.adsc.com/blog/the-7-essential-steps-of-revenue-cycle-management-with-real-examples","competitor traffic: 217/mo | top keyword: revenue cycle process in healthcare (vol 150) | KD: 0","6","Educational RCM content with zero KD. Write 'The 7 Steps of Revenue Cycle Management (With Real Examples)' — supports the RCM landing page and builds topical authority."

"# ============================================================"
"# SECTION 4: BACKLINK GAPS"
"# ============================================================"

"Backlink Gap","transcure.net","bellmedex.com + carecloud.com + adsc.com","wikipedia.org","DR: 97 | competitors linking: 3 | transcure: not linked","9","Create or improve Wikipedia pages related to medical billing terminology, ICD-10 coding, and revenue cycle management where transcure content can be cited as a reference source."
"Backlink Gap","transcure.net","carecloud.com + adsc.com","medium.com","DR: 94 | competitors linking: 2 | transcure: not linked","8","Publish 4–6 in-depth thought leadership articles on Medium covering RCM trends, medical billing challenges, and healthcare compliance. Include links back to transcure.net service pages."
"Backlink Gap","transcure.net","carecloud.com","reddit.com","DR: 95 | competitors linking: 1 | transcure: not linked","7","Participate in r/medicalbilling, r/healthcareinformatics, and r/nursing subreddits with genuinely helpful answers. Build community presence before linking to transcure resources."
"Backlink Gap","transcure.net","carecloud.com + adsc.com","forbes.com","DR: 94 | competitors linking: 2 | transcure: not linked","8","Pursue Forbes Healthcare Council membership or pitch data-driven healthcare billing articles to Forbes contributors covering medical practice management and healthcare costs."
"Backlink Gap","transcure.net","adsc.com","hubspot.com","DR: 93 | competitors linking: 1 | transcure: not linked","7","Contribute a guest post on healthcare billing or RCM topics to the HubSpot blog, or get listed in HubSpot's healthcare marketing partner directories."
"Backlink Gap","transcure.net","adsc.com","businessinsider.com","DR: 92 | competitors linking: 1 | transcure: not linked","7","Pitch Business Insider Healthcare reporters with data studies or expert commentary on medical billing trends, surprise billing legislation, or RCM technology adoption."
"Backlink Gap","transcure.net","bellmedex.com","nih.gov","DR: 95 | competitors linking: 1 | transcure: not linked","6","NIH links are difficult to earn directly. Create highly authoritative clinical billing research content that healthcare researchers may cite, or contribute to open-access healthcare informatics publications."
"Backlink Gap","transcure.net","bellmedex.com","globenewswire.com","DR: 91 | competitors linking: 1 | transcure: not linked","8","Distribute press releases via GlobeNewswire for company milestones, new specialty billing services launched, or healthcare billing industry reports. Cost-effective high-DR link acquisition."
"Backlink Gap","transcure.net","carecloud.com + adsc.com","github.io","DR: 94 | competitors linking: 2 | transcure: not linked","5","Create open-source medical billing tools, ICD-10 code lookup scripts, or healthcare data resources hosted on GitHub. Technical community links build both DR and brand awareness."
"Backlink Gap","transcure.net","adsc.com","substack.com","DR: 93 | competitors linking: 1 | transcure: not linked","6","Launch a Substack newsletter covering medical billing news, payer policy changes, and RCM best practices. Cross-link to transcure.net resources and build a subscriber base of billing professionals."
"Backlink Gap","transcure.net","carecloud.com","yahoo.com","DR: 94 | competitors linking: 1 | transcure: not linked","6","Yahoo Finance and Yahoo News accept press releases via PR Newswire syndication. Submit industry reports or company announcements to earn Yahoo-syndicated coverage."
"Backlink Gap","transcure.net","adsc.com","wiley.com","DR: 93 | competitors linking: 1 | transcure: not linked","6","Contribute to Wiley's health informatics or healthcare management journals. Co-author a white paper on medical billing efficiency with an academic partner for a high-authority citation."
"Backlink Gap","transcure.net","carecloud.com","nytimes.com","DR: 94 | competitors linking: 1 | transcure: not linked","7","Reach out to NYT reporters covering healthcare costs, surprise billing, or insurance complexity with data-driven insights from transcure's billing experience. HARO/Connectively monitoring is recommended."
"Backlink Gap","transcure.net","bellmedex.com","clutch.co","DR: 91 | competitor: bellmedex | transcure: PRESENT","N/A","Transcure already has a Clutch.co listing — ensure the profile is fully optimized with reviews, case studies, and portfolio items to maximize SEO value from this high-DR domain."
"Backlink Gap","transcure.net","bellmedex.com","designrush.com","DR: 91 | competitor: bellmedex | transcure: PRESENT","N/A","Transcure already listed on DesignRush — ensure profile is complete and actively collect client reviews to improve ranking within the directory."
